"Status","Start Time","Stop Time","Duration in ms","Parent Suite","Suite","Sub Suite","Test Class","Test Method","Name","Description"
"passed","Sun Dec 13 20:37:34 CST 2020","Sun Dec 13 20:37:34 CST 2020","0","","test_param_yaml","TestCalc","","","test_add[c]","'
        测试加法
        "
"passed","Sun Dec 13 20:37:34 CST 2020","Sun Dec 13 20:37:34 CST 2020","0","","test_param_yaml","TestCalc","","","test_multiply[n]","
        测试乘法
        "
"passed","Sun Dec 13 20:37:34 CST 2020","Sun Dec 13 20:37:34 CST 2020","0","","test_param_yaml","TestCalc","","","test_sub[d]","
        测试减法
        "
"passed","Sun Dec 13 20:37:34 CST 2020","Sun Dec 13 20:37:34 CST 2020","0","","test_param_yaml","TestCalc","","","test_sub[f]","
        测试减法
        "
"passed","Sun Dec 13 20:37:34 CST 2020","Sun Dec 13 20:37:34 CST 2020","0","","test_param_yaml","TestCalc","","","test_add[a]","'
        测试加法
        "
"passed","Sun Dec 13 20:37:34 CST 2020","Sun Dec 13 20:37:34 CST 2020","0","","test_param_yaml","TestCalc","","","test_division[h]","
        测试除法
        "
"passed","Sun Dec 13 20:37:34 CST 2020","Sun Dec 13 20:37:34 CST 2020","0","","test_param_yaml","TestCalc","","","test_multiply[m]","
        测试乘法
        "
"passed","Sun Dec 13 20:37:34 CST 2020","Sun Dec 13 20:37:34 CST 2020","0","","test_param_yaml","TestCalc","","","test_add[b]","'
        测试加法
        "
"passed","Sun Dec 13 20:37:34 CST 2020","Sun Dec 13 20:37:34 CST 2020","0","","test_param_yaml","TestCalc","","","test_multiply[p]","
        测试乘法
        "
"passed","Sun Dec 13 20:37:34 CST 2020","Sun Dec 13 20:37:34 CST 2020","0","","test_param_yaml","TestCalc","","","test_division[k]","
        测试除法
        "
"passed","Sun Dec 13 20:37:34 CST 2020","Sun Dec 13 20:37:34 CST 2020","0","","test_param_yaml","TestCalc","","","test_division[i]","
        测试除法
        "
"passed","Sun Dec 13 20:37:34 CST 2020","Sun Dec 13 20:37:34 CST 2020","0","","test_param_yaml","TestCalc","","","test_sub[g]","
        测试减法
        "
"passed","Sun Dec 13 20:37:34 CST 2020","Sun Dec 13 20:37:34 CST 2020","0","","test_param_yaml","TestCalc","","","test_division[l]","
        测试除法
        "
"passed","Sun Dec 13 20:37:34 CST 2020","Sun Dec 13 20:37:34 CST 2020","0","","test_param_yaml","TestCalc","","","test_multiply[o]","
        测试乘法
        "
"passed","Sun Dec 13 20:37:34 CST 2020","Sun Dec 13 20:37:34 CST 2020","0","","test_param_yaml","TestCalc","","","test_division[j]","
        测试除法
        "
"passed","Sun Dec 13 20:37:34 CST 2020","Sun Dec 13 20:37:34 CST 2020","0","","test_param_yaml","TestCalc","","","test_sub[e]","
        测试减法
        "
